{
	"info": {
		"_postman_id": "2a467948-b978-4cb0-894c-11d8bf1f2164",
		"name": "Instalation-parts",
		"schema": "https://schema.getpostman.com/json/collection/v2.0.0/collection.json"
	},
	"item": [
		{
			"name": "Add User",
			"request": {
				"method": "POST",
				"header": [],
				"body": {
					"mode": "formdata",
					"formdata": [
						{
							"key": "name",
							"value": "jenifer",
							"type": "text"
						},
						{
							"key": "username",
							"value": "jeni",
							"type": "text"
						},
						{
							"key": "email",
							"value": "jenifer@gmail.com",
							"type": "text"
						},
						{
							"key": "mobileno",
							"value": "9876543210",
							"type": "text"
						},
						{
							"key": "password",
							"value": "123456",
							"type": "text"
						},
						{
							"key": "status",
							"value": "1",
							"type": "text"
						},
						{
							"key": "image",
							"type": "file",
							"src": "/C:/xampp/htdocs/truelysell-new/uploads/profile_img/1631796006.jpg"
						}
					]
				},
				"url": "http://localhost/installation-parts/api/add_user"
			},
			"response": []
		},
		{
			"name": "Users List",
			"request": {
				"method": "GET",
				"header": [],
				"url": "http://localhost/installation-parts/api/users_list"
			},
			"response": []
		},
		{
			"name": "Update User",
			"request": {
				"method": "POST",
				"header": [],
				"body": {
					"mode": "formdata",
					"formdata": [
						{
							"key": "name",
							"value": "vani",
							"type": "text"
						},
						{
							"key": "username",
							"value": "vani",
							"type": "text"
						},
						{
							"key": "email",
							"value": "vani@gmail.comsssss",
							"type": "text"
						},
						{
							"key": "mobileno",
							"value": "7744112234",
							"type": "text"
						},
						{
							"key": "image",
							"type": "file",
							"src": "/C:/Users/Dreansuser/OneDrive/Desktop/Sample Images/confident-doctor-posing-arms-crossed-260nw-716818084.jpg"
						},
						{
							"key": "id",
							"value": "7",
							"type": "text"
						}
					]
				},
				"url": "http://localhost/installation-parts/api/update_user"
			},
			"response": []
		},
		{
			"name": "Add Category",
			"request": {
				"method": "POST",
				"header": [],
				"body": {
					"mode": "formdata",
					"formdata": [
						{
							"key": "category_name",
							"value": "Wheels",
							"type": "text"
						},
						{
							"key": "category_image",
							"type": "file",
							"src": "/C:/Users/Dreansuser/OneDrive/Desktop/Sample Images/wheels.jpg"
						},
						{
							"key": "status",
							"value": "1",
							"type": "text"
						}
					]
				},
				"url": "http://localhost/installation-parts/api/add_category"
			},
			"response": []
		},
		{
			"name": "Update Category",
			"request": {
				"method": "POST",
				"header": [],
				"body": {
					"mode": "formdata",
					"formdata": [
						{
							"key": "id",
							"value": "1",
							"type": "text"
						},
						{
							"key": "category_name",
							"value": "Carpentery 1",
							"type": "text"
						},
						{
							"key": "status",
							"value": "1",
							"type": "text"
						},
						{
							"key": "category_image",
							"type": "file",
							"src": "/C:/Users/Dreansuser/OneDrive/Desktop/Sample Images/food.jpg",
							"disabled": true
						}
					]
				},
				"url": "http://localhost/installation-parts/api/update_category"
			},
			"response": []
		},
		{
			"name": "Categories List",
			"request": {
				"method": "GET",
				"header": [],
				"url": "http://localhost/installation-parts/api/categories"
			},
			"response": []
		},
		{
			"name": "Add Products",
			"request": {
				"method": "POST",
				"header": [],
				"body": {
					"mode": "formdata",
					"formdata": [
						{
							"key": "product_name",
							"value": "Carpentery works",
							"type": "text"
						},
						{
							"key": "description",
							"value": "Lorem Ipsum is simply dummy text of the printing and typesetting industry. Lorem Ipsum has been the industry's standard dummy text ever since the 1500s, when an unknown printer took a galley of type and scrambled it to make a type specimen book",
							"type": "text"
						},
						{
							"key": "amount",
							"value": "1000",
							"type": "text"
						},
						{
							"key": "currency",
							"value": "$",
							"type": "text"
						},
						{
							"key": "category_id",
							"value": "2",
							"type": "text"
						},
						{
							"key": "status",
							"value": "1",
							"type": "text"
						},
						{
							"key": "product_image",
							"type": "file",
							"src": "/C:/Users/Dreansuser/OneDrive/Desktop/Sample Images/carpentarty-213.jpg"
						}
					]
				},
				"url": "http://localhost/installation-parts/api/add_products"
			},
			"response": []
		},
		{
			"name": "Update Products",
			"request": {
				"method": "POST",
				"header": [],
				"body": {
					"mode": "formdata",
					"formdata": [
						{
							"key": "id",
							"value": "1",
							"type": "text"
						},
						{
							"key": "product_name",
							"value": "Engine Parts",
							"type": "text"
						},
						{
							"key": "description",
							"value": "lorum ipsum contents parts of enginess",
							"type": "text"
						},
						{
							"key": "amount",
							"value": "100",
							"type": "text"
						},
						{
							"key": "currency",
							"value": "$",
							"type": "text"
						},
						{
							"key": "category_id",
							"value": "1",
							"type": "text"
						},
						{
							"key": "status",
							"value": "1",
							"type": "text"
						},
						{
							"key": "product_image",
							"type": "file",
							"src": "/C:/Users/Dreansuser/OneDrive/Desktop/Sample Images/food-images.jpg",
							"disabled": true
						}
					]
				},
				"url": "http://localhost/installation-parts/api/update_products"
			},
			"response": []
		},
		{
			"name": "Products List",
			"request": {
				"method": "GET",
				"header": [],
				"url": "http://localhost/installation-parts/api/products"
			},
			"response": []
		},
		{
			"name": "Review List",
			"request": {
				"method": "GET",
				"header": [],
				"url": "http://localhost/installation-parts/api/ratings"
			},
			"response": []
		},
		{
			"name": "Add Reviews",
			"request": {
				"method": "POST",
				"header": [],
				"body": {
					"mode": "formdata",
					"formdata": [
						{
							"key": "product_id",
							"value": "2",
							"type": "text"
						},
						{
							"key": "user_id",
							"value": "1",
							"type": "text"
						},
						{
							"key": "ratings",
							"value": "1",
							"type": "text"
						},
						{
							"key": "comments",
							"value": "Not good",
							"type": "text"
						}
					]
				},
				"url": "http://localhost/installation-parts/api/add_reviews"
			},
			"response": []
		},
		{
			"name": "Get Featured Products",
			"request": {
				"method": "GET",
				"header": [],
				"url": "http://localhost/installation-parts/api/get_featured_products"
			},
			"response": []
		}
	]
}